Workload_Code,Workload_Name,Total_Transactions,Success_Rate_Pct,Failure_Rate_Pct,Throughput_TPS,Mean_Latency_ms,P50_Latency_ms,P90_Latency_ms,P95_Latency_ms,P99_Latency_ms,Std_Latency_ms,Operation_Type
A,CREATE_EHR_RECORD,100,100.0,0.0,9223.1,0.1083,0.1024,0.1243,0.1335,0.2502,0.0286,Write / Commit
B,READ_EHR_METADATA,100,100.0,0.0,285578.8,0.0034,0.0034,0.0035,0.0036,0.0038,0.0001,Read / Query
C,UPDATE_EHR_RECORD,100,100.0,0.0,12055.3,0.0829,0.0808,0.0888,0.103,0.1216,0.0124,Write / Commit
D,CONSENT_GRANT,100,100.0,0.0,101617.4,0.0098,0.0095,0.0107,0.0113,0.0128,0.0007,Write / Commit
E,CONSENT_REVOCATION,100,100.0,0.0,107729.6,0.0092,0.0092,0.0098,0.0102,0.011,0.0006,Write / Commit
F,ACCESS_AUTHORIZATION,100,100.0,0.0,303681.8,0.0032,0.0031,0.0049,0.0052,0.0053,0.0013,Read / Query
G,AUDIT_LOG_WRITE,100,100.0,0.0,103604.5,0.0096,0.0088,0.0096,0.0105,0.0129,0.0064,Write / Commit
H,EHR_EXCHANGE,100,100.0,0.0,9490.0,0.1053,0.1011,0.1135,0.1198,0.2389,0.0279,Write / Commit
I,KEY_METADATA_UPDATE,100,100.0,0.0,68325.4,0.0145,0.0106,0.0176,0.0385,0.0842,0.0141,Write / Commit
J,EMERGENCY_ACCESS,100,100.0,0.0,51871.7,0.0192,0.0187,0.0204,0.0224,0.0244,0.002,Write / Commit
