Attack_ID,Attack_Name,Threat_Actor,Attack_Category,Expected_Outcome,Defense_Result,Detection_Status,Detection_Latency_ms,Logged_Event
SEC-01,Unauthorized EHR Access,A1 External Attacker / A7 Unauthorized Clinician,Authorization Violation,BLOCK_ACTOR,SUCCESSFULLY_INTERCEPTED,DETECTED,0.1087,SEC_AUDIT_SEC-01_BLOCK_ACTOR
SEC-02,Unauthorized Consent Modification,A3 Malicious Insider,Consent Tampering,DENIED_NO_CONSENT,SUCCESSFULLY_INTERCEPTED,DETECTED,0.0046,SEC_AUDIT_SEC-02_DENIED_NO_CONSENT
SEC-03,Unauthorized Record Update,A3 Malicious Insider / A4 Compromised IoMT,Access Control Violation,DENIED_ROLE_DEFICIENT,SUCCESSFULLY_INTERCEPTED,DETECTED,0.0105,SEC_AUDIT_SEC-03_DENIED_ROLE_DEFICIENT
SEC-04,Replay Attempt,A5 Network Attacker,Replay Attack,ANOMALY_BURST_FLAGGED,SUCCESSFULLY_INTERCEPTED,DETECTED,0.0068,SEC_AUDIT_SEC-04_ANOMALY_BURST_FLAGGED
SEC-05,Invalid Transaction / Malformed Schema,A1 External Attacker,Fuzzing / Schema Violation,SCHEMA_VALIDATION_REJECTED,SUCCESSFULLY_INTERCEPTED,DETECTED,0.0015,SEC_AUDIT_SEC-05_SCHEMA_VALIDATION_REJECTED
SEC-06,Tampered Ciphertext in Storage,A2 Compromised Hospital Server / DB Admin,Data Integrity Violation,TAMPERING_DETECTED_MISMATCH,SUCCESSFULLY_INTERCEPTED,DETECTED,0.003,SEC_AUDIT_SEC-06_TAMPERING_DETECTED_MISMATCH
SEC-07,Modified Metadata / Unregistered Resource,A6 Rogue Blockchain Participant,Ledger Spoofing,NOT_REGISTERED_ON_LEDGER,SUCCESSFULLY_INTERCEPTED,DETECTED,0.001,SEC_AUDIT_SEC-07_NOT_REGISTERED_ON_LEDGER
SEC-08,Invalid Cryptographic Signature,A10 Future Cryptographic Adversary / Impersonator,Authentication Forgery,SIGNATURE_VERIFICATION_FAILED,SUCCESSFULLY_INTERCEPTED,DETECTED,0.0016,SEC_AUDIT_SEC-08_SIGNATURE_VERIFICATION_FAILED
SEC-09,Invalid Identity / Unregistered Actor,A8 Stolen Credential / Impersonator,Identity Spoofing,ACTOR_UNREGISTERED_DENIAL,SUCCESSFULLY_INTERCEPTED,DETECTED,0.0009,SEC_AUDIT_SEC-09_ACTOR_UNREGISTERED_DENIAL
SEC-10,Revoked Identity Access,A3 Malicious Insider (Terminated),Revocation Bypass Attempt,QUARANTINE_DEVICE_OR_BLOCK,SUCCESSFULLY_INTERCEPTED,DETECTED,0.0768,SEC_AUDIT_SEC-10_QUARANTINE_DEVICE_OR_BLOCK
SEC-11,Expired Authorization / Consent,A7 Unauthorized Clinician,Temporal Access Violation,CONSENT_EXPIRED_REJECTION,SUCCESSFULLY_INTERCEPTED,DETECTED,0.0024,SEC_AUDIT_SEC-11_CONSENT_EXPIRED_REJECTION
SEC-12,Malformed Request Payload (SQLi / NoSQLi in FHIR),A1 External Attacker,Injection / Payload Manipulation,MALFORMED_VALIDATION_REJECTION,SUCCESSFULLY_INTERCEPTED,DETECTED,0.0063,SEC_AUDIT_SEC-12_MALFORMED_VALIDATION_REJECTION
SEC-13,Duplicate Transaction Submission,A5 Network Attacker / Replay,Ledger Duplicate Attack,EXISTING_STATE_DETECTED,SUCCESSFULLY_INTERCEPTED,DETECTED,0.0006,SEC_AUDIT_SEC-13_EXISTING_STATE_DETECTED
SEC-14,Unauthorized Emergency Access Attempt,A7 Unauthorized Clinician / A3 Insider,Break-Glass Privilege Abuse,BLOCK_ACTOR,SUCCESSFULLY_INTERCEPTED,DETECTED,0.0844,SEC_AUDIT_SEC-14_BLOCK_ACTOR
