attack_id,description,trials,detected_count,detection_rate_pct,false_positive_rate_pct,false_negative_rate_pct,detection_latency_ms,defense_mechanism
ATK_01_Unauthorized_Role,Attempting access with non-privileged role (Admin requesting clinical observations),50,50,100.0,0.0,0.0,0.008,RBAC Engine
ATK_02_Revoked_Consent,Accessing record after dynamic consent revocation by patient,50,50,100.0,0.0,0.0,0.034,Consent Ledger
ATK_03_Replay_Attack,Submitting stale timestamp replay packet,50,50,100.0,0.0,0.0,0.002,Replay Filter
ATK_04_Ciphertext_Tampering,Bit-flipping in encrypted AES-GCM ciphertext payload,50,50,100.0,0.0,0.0,0.178,AES-256-GCM
ATK_05_Metadata_Tampering,Forging envelope metadata algorithm and key identifiers,50,50,100.0,0.0,0.0,0.004,Rate Limiter
ATK_06_Signature_Corruption,Corrupting ML-DSA-65 post-quantum digital signature bytes,50,50,100.0,0.0,0.0,0.125,ML-DSA-65
ATK_07_Hash_Mismatch,Modifying SHA-3-256 payload digest in blockchain record,50,50,100.0,0.0,0.0,0.122,SHA-3-256
ATK_08_Malicious_Network_Telemetry,Simulating Edge-IIoTset malicious port scan & volumetric burst,50,50,100.0,0.0,0.0,0.0,AI Threat Detector
ATK_09_Abnormal_API_Payload,Injecting SQLi / Path Traversal characters into FHIR endpoint,50,50,100.0,0.0,0.0,0.0,API Validator
ATK_10_Excessive_Access_Rate,Violating rate limit threshold with high-frequency burst queries,50,50,100.0,0.0,0.0,0.0,Rate Limiter
