step,mean_latency_ms,std_latency_ms,min_latency_ms,max_latency_ms
step_1_fhir_validation,0.007,0.003,0.006,0.035
step_2_data_minimization,0.32,0.017,0.301,0.435
step_3_pqc_key_establishment,0.042,0.002,0.039,0.056
step_4_aes_gcm_encryption,0.011,0.053,0.005,0.534
step_5_ml_dsa_signature,5.223,0.043,5.138,5.414
step_6_encrypted_vault_storage,0.111,0.016,0.089,0.184
step_7_blockchain_consent_record,0.044,0.006,0.034,0.061
step_8_hospital_b_access_request,0.002,0.0,0.002,0.003
step_9_abac_authorization,0.016,0.002,0.014,0.025
step_10_vault_retrieval,0.048,0.004,0.043,0.068
step_11_pqc_decapsulation,0.096,0.003,0.092,0.111
step_12_signature_verification,0.108,0.004,0.103,0.125
step_13_sha3_integrity_verification,0.036,0.001,0.034,0.042
