suite,payload_target_kb,keygen_latency_ms,encryption_ms_mean,encryption_ms_std,encryption_ms_ci95,decryption_ms_mean,decryption_ms_std,decryption_ms_ci95,total_latency_ms_mean,total_latency_ms_ci95,throughput_ops_sec,public_key_bytes,signature_bytes,total_overhead_bytes
AES-Only,1,0.0,0.009,0.013,0.016,0.002,0.0,0.0,0.01,0.016,179032.5,0,0,28
AES-Only,10,0.0,0.004,0.0,0.0,0.003,0.0,0.0,0.008,0.0,128846.2,0,0,28
AES-Only,50,0.0,0.011,0.001,0.001,0.011,0.001,0.001,0.023,0.002,44234.3,0,0,28
AES-Only,100,0.0,0.019,0.001,0.001,0.02,0.002,0.003,0.039,0.003,25751.0,0,0,28
CLASSICAL,1,0.044,0.145,0.015,0.018,0.15,0.004,0.005,0.295,0.019,3401.3,182,71,998
CLASSICAL,10,0.044,0.217,0.007,0.008,0.205,0.006,0.008,0.422,0.016,2374.1,182,71,3301
CLASSICAL,50,0.044,0.581,0.016,0.02,0.476,0.022,0.027,1.057,0.047,947.3,182,70,13300
CLASSICAL,100,0.044,1.012,0.017,0.021,0.994,0.192,0.239,2.007,0.233,501.7,182,71,25809
HYBRID,1,0.212,5.411,0.321,0.398,0.318,0.118,0.146,5.73,0.545,175.3,4530,3309,8386
HYBRID,10,0.212,5.43,0.161,0.2,0.333,0.019,0.023,5.763,0.223,173.7,4530,3309,10689
HYBRID,50,0.212,5.818,0.223,0.277,0.602,0.039,0.049,6.42,0.325,156.0,4530,3309,20687
HYBRID,100,0.212,6.184,0.095,0.118,1.196,0.311,0.386,7.38,0.488,135.8,4530,3309,33196
PQC-MLKEM1024,1,0.243,7.222,0.11,0.137,0.262,0.01,0.012,7.483,0.148,133.7,4160,4627,9022
PQC-MLKEM1024,10,0.243,7.34,0.109,0.135,0.328,0.016,0.02,7.667,0.154,130.5,4160,4627,11325
PQC-MLKEM1024,50,0.243,7.634,0.068,0.085,0.577,0.012,0.014,8.211,0.099,121.8,4160,4627,21323
PQC-MLKEM1024,100,0.243,8.417,0.54,0.67,1.137,0.177,0.219,9.554,0.604,104.9,4160,4627,33832
PQC-MLKEM768,1,0.174,5.239,0.087,0.109,0.181,0.006,0.008,5.42,0.116,184.5,3136,3309,6621
PQC-MLKEM768,10,0.174,5.512,0.59,0.733,0.247,0.033,0.041,5.759,0.774,175.1,3136,3309,8924
PQC-MLKEM768,50,0.174,5.594,0.057,0.071,0.49,0.01,0.012,6.083,0.083,164.4,3136,3309,18922
PQC-MLKEM768,100,0.174,6.082,0.081,0.1,1.064,0.234,0.29,7.146,0.362,140.1,3136,3309,31431
