model,accuracy_mean,accuracy_std,accuracy_ci95,macro_f1_mean,macro_f1_std,macro_f1_ci95,weighted_f1_mean,balanced_accuracy_mean,roc_auc_mean,pr_auc_mean,fpr_mean,fnr_mean,inference_latency_ms,parameter_count
Ablation_A_TCN_Only,0.3788,0.0507,0.0629,0.3289,0.0383,0.0476,0.3612,0.3972,0.9002,0.4718,0.4796,0.0886,0.002,63887
Ablation_B_Transformer_Only,0.305,0.0431,0.0536,0.2028,0.0359,0.0446,0.2357,0.3201,0.8497,0.3021,0.587,0.0491,0.019,68047
Ablation_C_TCN_Transformer,0.5296,0.0771,0.0958,0.395,0.0535,0.0665,0.4857,0.4932,0.9281,0.4928,0.6924,0.0174,0.008,80911
Ablation_E_Proposed_Feature_Selection,0.6734,0.017,0.0211,0.5905,0.0178,0.0221,0.641,0.6562,0.9742,0.6831,0.1989,0.0492,0.006,156505
Baseline_1_LogisticRegression,0.7847,0.0,0.0,0.7535,0.0,0.0,0.7764,0.7697,0.9825,0.8098,0.2047,0.0304,0.0,0
Baseline_2_RandomForest,0.9614,0.0004,0.0005,0.9562,0.0006,0.0008,0.9615,0.958,0.9991,0.9869,0.0303,0.0014,0.009,0
Baseline_3_LightGBM,0.964,0.0,0.0,0.9605,0.0,0.0,0.964,0.9608,0.9993,0.9899,0.0236,0.0012,0.047,0
Baseline_4_MLP,0.7241,0.0131,0.0163,0.6728,0.0135,0.0168,0.7215,0.7005,0.9778,0.7353,0.3666,0.0275,0.001,16143
Baseline_5_1D_CNN,0.4154,0.0234,0.0291,0.3581,0.0248,0.0308,0.3937,0.404,0.8958,0.451,0.5116,0.1126,0.001,27279
Baseline_6_BiLSTM,0.2054,0.0231,0.0287,0.1142,0.0234,0.029,0.1231,0.2314,0.797,0.2764,0.998,0.0015,0.006,142863
Proposed_TCN_Transformer_Attention,0.6743,0.0157,0.0195,0.5822,0.0281,0.0349,0.6405,0.6462,0.968,0.6605,0.4991,0.0235,0.013,158405
