experiment_id,model,threshold,macro_f1,accuracy,precision,recall,macro_precision,macro_recall,fpr,fnr,mcc,objective_score
CAHTDNET_FINAL_V001,CA-HTDNet,0.05,0.9323,0.98396,0.98302,1.0,0.99151,0.88743,0.22513,0.0,0.87276,0.75716
CAHTDNET_FINAL_V001,CA-HTDNet,0.06,0.9323,0.98396,0.98302,1.0,0.99151,0.88743,0.22513,0.0,0.87276,0.75716
CAHTDNET_FINAL_V001,CA-HTDNet,0.07,0.9323,0.98396,0.98302,1.0,0.99151,0.88743,0.22513,0.0,0.87276,0.75716
CAHTDNET_FINAL_V001,CA-HTDNet,0.08,0.9323,0.98396,0.98302,1.0,0.99151,0.88743,0.22513,0.0,0.87276,0.75716
CAHTDNET_FINAL_V001,CA-HTDNet,0.09,0.9323,0.98396,0.98302,1.0,0.99151,0.88743,0.22513,0.0,0.87276,0.75716
CAHTDNET_FINAL_V001,CA-HTDNet,0.1,0.9323,0.98396,0.98302,1.0,0.99151,0.88743,0.22513,0.0,0.87276,0.75716
CAHTDNET_FINAL_V001,CA-HTDNet,0.11,0.9323,0.98396,0.98302,1.0,0.99151,0.88743,0.22513,0.0,0.87276,0.75716
CAHTDNET_FINAL_V001,CA-HTDNet,0.12,0.9323,0.98396,0.98302,1.0,0.99151,0.88743,0.22513,0.0,0.87276,0.75716
CAHTDNET_FINAL_V001,CA-HTDNet,0.13,0.93248,0.984,0.98306,1.0,0.99153,0.8877,0.2246,0.0,0.87308,0.75788
CAHTDNET_FINAL_V001,CA-HTDNet,0.14,0.9332,0.98415,0.98322,1.0,0.99161,0.88877,0.22246,0.0,0.87435,0.76074
CAHTDNET_FINAL_V001,CA-HTDNet,0.15,0.93409,0.98434,0.98342,1.0,0.99171,0.89011,0.21979,0.0,0.87594,0.7643
CAHTDNET_FINAL_V001,CA-HTDNet,0.16,0.93466,0.98446,0.98358,0.99996,0.99145,0.89116,0.21765,4e-05,0.87689,0.76702
CAHTDNET_FINAL_V001,CA-HTDNet,0.17,0.93456,0.98442,0.98362,0.99988,0.99079,0.89138,0.21711,0.00012,0.87655,0.76745
CAHTDNET_FINAL_V001,CA-HTDNet,0.18,0.93427,0.98434,0.98362,0.99979,0.99011,0.89134,0.21711,0.00021,0.8759,0.76716
CAHTDNET_FINAL_V001,CA-HTDNet,0.19,0.93662,0.98484,0.98417,0.99975,0.99006,0.89506,0.20963,0.00025,0.88002,0.77699
CAHTDNET_FINAL_V001,CA-HTDNet,0.2,0.93933,0.98541,0.98485,0.99967,0.98976,0.89957,0.20053,0.00033,0.88475,0.78879
CAHTDNET_FINAL_V001,CA-HTDNet,0.21,0.94097,0.98575,0.98528,0.99959,0.98934,0.90247,0.19465,0.00041,0.88757,0.79631
CAHTDNET_FINAL_V001,CA-HTDNet,0.22,0.94183,0.98594,0.98548,0.99959,0.98945,0.90381,0.19198,0.00041,0.88914,0.79986
CAHTDNET_FINAL_V001,CA-HTDNet,0.23,0.9455,0.9867,0.98656,0.9993,0.98781,0.91088,0.17754,0.0007,0.89539,0.81796
CAHTDNET_FINAL_V001,CA-HTDNet,0.24,0.94979,0.98762,0.98783,0.99897,0.98608,0.91927,0.16043,0.00103,0.90288,0.83936
CAHTDNET_FINAL_V001,CA-HTDNet,0.25,0.9524,0.98819,0.98859,0.99881,0.98533,0.92427,0.15027,0.00119,0.90755,0.85213
CAHTDNET_FINAL_V001,CA-HTDNet,0.26,0.955,0.98876,0.98939,0.99861,0.98435,0.92952,0.13957,0.00139,0.91222,0.86543
CAHTDNET_FINAL_V001,CA-HTDNet,0.27,0.95705,0.98918,0.99027,0.99815,0.98171,0.93517,0.12781,0.00185,0.9157,0.87925
CAHTDNET_FINAL_V001,CA-HTDNet,0.28,0.95857,0.98949,0.991,0.99774,0.97936,0.93978,0.11818,0.00226,0.91829,0.89039
CAHTDNET_FINAL_V001,CA-HTDNet,0.29,0.9604,0.98987,0.99184,0.99729,0.97691,0.94517,0.10695,0.00271,0.92154,0.90344
CAHTDNET_FINAL_V001,CA-HTDNet,0.3,0.96141,0.99006,0.99249,0.99684,0.97441,0.94922,0.0984,0.00316,0.92328,0.91301
CAHTDNET_FINAL_V001,CA-HTDNet,0.31,0.96276,0.99032,0.99329,0.99631,0.97159,0.9543,0.0877,0.00369,0.92573,0.92506
CAHTDNET_FINAL_V001,CA-HTDNet,0.32,0.96278,0.99025,0.99394,0.99557,0.96746,0.95821,0.07914,0.00443,0.92563,0.93364
CAHTDNET_FINAL_V001,CA-HTDNet,0.33,0.96262,0.99013,0.99447,0.99491,0.96388,0.96136,0.07219,0.00509,0.92524,0.94042
CAHTDNET_FINAL_V001,CA-HTDNet,0.34,0.96371,0.99032,0.9954,0.99418,0.96033,0.96714,0.05989,0.00582,0.92745,0.95381
CAHTDNET_FINAL_V001,CA-HTDNet,0.35,0.96547,0.99074,0.99609,0.99393,0.95957,0.97156,0.0508,0.00607,0.93105,0.96467
CAHTDNET_FINAL_V001,CA-HTDNet,0.36,0.96458,0.99044,0.9965,0.99319,0.95571,0.97387,0.04545,0.00681,0.9294,0.96458
CAHTDNET_FINAL_V001,CA-HTDNet,0.37,0.96345,0.99006,0.99695,0.99233,0.95132,0.97638,0.03957,0.00767,0.92736,0.96345
CAHTDNET_FINAL_V001,CA-HTDNet,0.38,0.96152,0.98945,0.99732,0.9913,0.94611,0.97827,0.03476,0.0087,0.92382,0.96152
CAHTDNET_FINAL_V001,CA-HTDNet,0.39,0.95926,0.98872,0.99773,0.99011,0.94025,0.98035,0.02941,0.00989,0.91973,0.95926
CAHTDNET_FINAL_V001,CA-HTDNet,0.4,0.9591,0.98861,0.99822,0.9895,0.93766,0.98325,0.02299,0.0105,0.91978,0.9591
CAHTDNET_FINAL_V001,CA-HTDNet,0.41,0.95816,0.9883,0.99839,0.98901,0.93535,0.98408,0.02086,0.01099,0.91814,0.95816
CAHTDNET_FINAL_V001,CA-HTDNet,0.42,0.95834,0.9883,0.99876,0.98864,0.93396,0.9863,0.01604,0.01136,0.91876,0.95834
CAHTDNET_FINAL_V001,CA-HTDNet,0.43,0.95749,0.98804,0.99884,0.98827,0.93222,0.98665,0.01497,0.01173,0.91725,0.95749
CAHTDNET_FINAL_V001,CA-HTDNet,0.44,0.9573,0.98796,0.99896,0.98806,0.93136,0.98735,0.01337,0.01194,0.917,0.9573
CAHTDNET_FINAL_V001,CA-HTDNet,0.45,0.95632,0.98766,0.999,0.98769,0.9296,0.98743,0.01283,0.01231,0.91521,0.95632
CAHTDNET_FINAL_V001,CA-HTDNet,0.46,0.95597,0.98754,0.99905,0.98753,0.92886,0.98762,0.0123,0.01247,0.91459,0.95597
CAHTDNET_FINAL_V001,CA-HTDNet,0.47,0.95524,0.98731,0.99909,0.98724,0.92752,0.98774,0.01176,0.01276,0.91328,0.95524
CAHTDNET_FINAL_V001,CA-HTDNet,0.48,0.95466,0.98712,0.99917,0.98696,0.92625,0.98813,0.0107,0.01304,0.91228,0.95466
CAHTDNET_FINAL_V001,CA-HTDNet,0.49,0.95367,0.98682,0.99917,0.98663,0.92468,0.98797,0.0107,0.01337,0.91045,0.95367
CAHTDNET_FINAL_V001,CA-HTDNet,0.5,0.95312,0.98663,0.99929,0.9863,0.92329,0.9886,0.00909,0.0137,0.90955,0.95312
CAHTDNET_FINAL_V001,CA-HTDNet,0.51,0.9525,0.98644,0.99929,0.9861,0.92232,0.9885,0.00909,0.0139,0.90841,0.9525
CAHTDNET_FINAL_V001,CA-HTDNet,0.52,0.95214,0.98632,0.99929,0.98597,0.92174,0.98844,0.00909,0.01403,0.90774,0.95214
CAHTDNET_FINAL_V001,CA-HTDNet,0.53,0.95165,0.98617,0.99929,0.98581,0.92097,0.98836,0.00909,0.01419,0.90683,0.95165
CAHTDNET_FINAL_V001,CA-HTDNet,0.54,0.95116,0.98602,0.99929,0.98564,0.92021,0.98828,0.00909,0.01436,0.90593,0.95116
CAHTDNET_FINAL_V001,CA-HTDNet,0.55,0.95069,0.98587,0.99933,0.98544,0.91931,0.98844,0.00856,0.01456,0.90512,0.95069
CAHTDNET_FINAL_V001,CA-HTDNet,0.56,0.95023,0.98571,0.99938,0.98523,0.91842,0.98861,0.00802,0.01477,0.90431,0.95023
CAHTDNET_FINAL_V001,CA-HTDNet,0.57,0.94989,0.9856,0.99942,0.98507,0.91773,0.98879,0.00749,0.01493,0.90373,0.94989
CAHTDNET_FINAL_V001,CA-HTDNet,0.58,0.9493,0.98541,0.99946,0.98482,0.91666,0.98894,0.00695,0.01518,0.9027,0.9493
CAHTDNET_FINAL_V001,CA-HTDNet,0.59,0.94882,0.98526,0.99946,0.98466,0.91591,0.98885,0.00695,0.01534,0.90182,0.94882
CAHTDNET_FINAL_V001,CA-HTDNet,0.6,0.94821,0.98507,0.99946,0.98445,0.91498,0.98875,0.00695,0.01555,0.90072,0.94821
CAHTDNET_FINAL_V001,CA-HTDNet,0.61,0.94792,0.98495,0.99958,0.98421,0.91405,0.98943,0.00535,0.01579,0.90033,0.94792
CAHTDNET_FINAL_V001,CA-HTDNet,0.62,0.94744,0.9848,0.99958,0.98404,0.91331,0.98935,0.00535,0.01596,0.89945,0.94744
CAHTDNET_FINAL_V001,CA-HTDNet,0.63,0.9466,0.98453,0.99958,0.98376,0.91203,0.9892,0.00535,0.01624,0.89792,0.9466
CAHTDNET_FINAL_V001,CA-HTDNet,0.64,0.9457,0.98423,0.99967,0.98335,0.91033,0.98953,0.00428,0.01665,0.89637,0.9457
CAHTDNET_FINAL_V001,CA-HTDNet,0.65,0.94515,0.98404,0.99975,0.98306,0.90919,0.98993,0.00321,0.01694,0.89548,0.94515
CAHTDNET_FINAL_V001,CA-HTDNet,0.66,0.94446,0.98381,0.99979,0.98277,0.90799,0.99005,0.00267,0.01723,0.89428,0.94446
CAHTDNET_FINAL_V001,CA-HTDNet,0.67,0.94375,0.98358,0.99979,0.98253,0.90692,0.98993,0.00267,0.01747,0.893,0.94375
CAHTDNET_FINAL_V001,CA-HTDNet,0.68,0.94316,0.98339,0.99979,0.98232,0.90604,0.98982,0.00267,0.01768,0.89193,0.94316
CAHTDNET_FINAL_V001,CA-HTDNet,0.69,0.94257,0.9832,0.99979,0.98212,0.90515,0.98972,0.00267,0.01788,0.89087,0.94257
CAHTDNET_FINAL_V001,CA-HTDNet,0.7,0.94163,0.9829,0.99979,0.98179,0.90375,0.98956,0.00267,0.01821,0.88918,0.94163
CAHTDNET_FINAL_V001,CA-HTDNet,0.71,0.94084,0.98263,0.99983,0.98146,0.90242,0.98966,0.00214,0.01854,0.8878,0.94084
CAHTDNET_FINAL_V001,CA-HTDNet,0.72,0.93967,0.98225,0.99983,0.98105,0.90069,0.98946,0.00214,0.01895,0.88571,0.93967
CAHTDNET_FINAL_V001,CA-HTDNet,0.73,0.93854,0.98187,0.99987,0.9806,0.89887,0.9895,0.0016,0.0194,0.88373,0.93854
CAHTDNET_FINAL_V001,CA-HTDNet,0.74,0.93738,0.98149,0.99987,0.98019,0.89717,0.98929,0.0016,0.01981,0.88166,0.93738
CAHTDNET_FINAL_V001,CA-HTDNet,0.75,0.93635,0.98114,0.99987,0.97982,0.89566,0.98911,0.0016,0.02018,0.87981,0.93599
CAHTDNET_FINAL_V001,CA-HTDNet,0.76,0.93546,0.98084,0.99992,0.97945,0.89422,0.98919,0.00107,0.02055,0.87829,0.93436
CAHTDNET_FINAL_V001,CA-HTDNet,0.77,0.93443,0.9805,0.99992,0.97908,0.89273,0.98901,0.00107,0.02092,0.87646,0.93259
CAHTDNET_FINAL_V001,CA-HTDNet,0.78,0.93216,0.97973,0.99992,0.97826,0.88945,0.9886,0.00107,0.02174,0.87243,0.92868
CAHTDNET_FINAL_V001,CA-HTDNet,0.79,0.93058,0.9792,0.99992,0.97769,0.88719,0.98831,0.00107,0.02231,0.86964,0.92596
CAHTDNET_FINAL_V001,CA-HTDNet,0.8,0.92882,0.97859,0.99996,0.97699,0.88455,0.98823,0.00053,0.02301,0.86659,0.9228
CAHTDNET_FINAL_V001,CA-HTDNet,0.81,0.92638,0.97775,0.99996,0.97609,0.8811,0.98778,0.00053,0.02391,0.8623,0.91855
CAHTDNET_FINAL_V001,CA-HTDNet,0.82,0.92275,0.9765,0.99996,0.97473,0.87604,0.9871,0.00053,0.02527,0.85596,0.91222
CAHTDNET_FINAL_V001,CA-HTDNet,0.83,0.92026,0.97562,0.99996,0.97379,0.87259,0.98663,0.00053,0.02621,0.85161,0.90784
CAHTDNET_FINAL_V001,CA-HTDNet,0.84,0.91864,0.97505,0.99996,0.97317,0.87037,0.98632,0.00053,0.02683,0.84881,0.90499
CAHTDNET_FINAL_V001,CA-HTDNet,0.85,0.91533,0.97387,0.99996,0.9719,0.86588,0.98568,0.00053,0.0281,0.84309,0.89914
CAHTDNET_FINAL_V001,CA-HTDNet,0.86,0.91259,0.97288,0.99996,0.97084,0.86219,0.98515,0.00053,0.02916,0.83837,0.89426
CAHTDNET_FINAL_V001,CA-HTDNet,0.87,0.9104,0.97208,0.99996,0.96998,0.85926,0.98472,0.00053,0.03002,0.83461,0.89035
CAHTDNET_FINAL_V001,CA-HTDNet,0.88,0.9076,0.97105,0.99996,0.96887,0.85557,0.98417,0.00053,0.03113,0.82983,0.88534
CAHTDNET_FINAL_V001,CA-HTDNet,0.89,0.90596,0.97044,0.99996,0.96821,0.85342,0.98384,0.00053,0.03179,0.82704,0.88238
CAHTDNET_FINAL_V001,CA-HTDNet,0.9,0.90382,0.96964,0.99996,0.96735,0.85064,0.98341,0.00053,0.03265,0.82341,0.87852
CAHTDNET_FINAL_V001,CA-HTDNet,0.91,0.9018,0.96888,0.99996,0.96653,0.84802,0.983,0.00053,0.03347,0.81999,0.87486
CAHTDNET_FINAL_V001,CA-HTDNet,0.92,0.89889,0.96777,0.99996,0.96534,0.8443,0.9824,0.00053,0.03466,0.81509,0.86958
CAHTDNET_FINAL_V001,CA-HTDNet,0.93,0.89592,0.96663,0.99996,0.96411,0.84054,0.98179,0.00053,0.03589,0.81011,0.86414
CAHTDNET_FINAL_V001,CA-HTDNet,0.94,0.89202,0.9651,0.99996,0.96247,0.83565,0.98097,0.00053,0.03753,0.80358,0.85696
CAHTDNET_FINAL_V001,CA-HTDNet,0.95,0.88428,0.96202,0.99996,0.95915,0.82616,0.97931,0.00053,0.04085,0.79077,0.84258
