Configuration,Accuracy,Macro_Precision,Macro_Recall,Macro_F1,MCC,ROC_AUC,PR_AUC,FPR,FNR,Latency_ms_per_sample,Threshold
A. XGBoost only,0.99958,0.99941,0.99896,0.99919,0.99838,0.99998,0.99999,0.00192,0.00015,0.0004,0.5
B. LightGBM only,0.9997,0.99983,0.99904,0.99943,0.99886,0.99998,0.99999,0.00192,0.0,0.0021,0.5
C. CatBoost only,0.9997,0.99983,0.99904,0.99943,0.99886,0.99998,0.99999,0.00192,0.0,0.0001,0.5
D. XGBoost + LightGBM,0.9997,0.99983,0.99904,0.99943,0.99886,0.99998,0.99999,0.00192,0.0,0.0025,0.5
E. XGBoost + CatBoost,0.9997,0.99983,0.99904,0.99943,0.99886,0.99998,0.99999,0.00192,0.0,0.0005,0.5
F. LightGBM + CatBoost,0.9997,0.99983,0.99904,0.99943,0.99886,0.99998,0.99999,0.00192,0.0,0.0023,0.5
G. XGBoost + LightGBM + CatBoost (Mean),0.9997,0.99983,0.99904,0.99943,0.99886,0.99998,0.99999,0.00192,0.0,0.0026,0.5
H. Three-model fusion without disagreement,0.9997,0.99983,0.99904,0.99943,0.99886,0.99998,0.99999,0.00192,0.0,0.0036,0.5
I. Three-model fusion with disagreement features,0.99966,0.99969,0.99901,0.99935,0.9987,0.99998,0.99999,0.00192,5e-05,0.0056,0.5
J. Adaptive meta-learner,0.99966,0.99969,0.99901,0.99935,0.9987,0.99998,0.99999,0.00192,5e-05,0.0056,0.5
K. Adaptive meta-learner + calibration,0.9997,0.99983,0.99904,0.99943,0.99886,0.99904,0.99965,0.00192,0.0,0.0066,0.5
L. Full HAB-IDS,0.99962,0.99955,0.99899,0.99927,0.99854,0.99997,0.99999,0.00192,0.0001,0.0086,0.035
