threshold,accuracy,macro_precision,macro_recall,macro_f1,fpr,fnr,meets_security_targets
0.05,0.86992,0.92576,0.74398,0.78784,0.51204,0.0,False
0.06,0.88655,0.93399,0.77671,0.82092,0.44659,0.0,False
0.07,0.89188,0.93659,0.78725,0.83108,0.42544,5e-05,False
0.08,0.90204,0.94185,0.80724,0.84978,0.38546,5e-05,False
0.09,0.90431,0.94305,0.81172,0.85387,0.37651,5e-05,False
0.1,0.90682,0.94438,0.81666,0.85834,0.36663,5e-05,False
0.11,0.90933,0.94571,0.8216,0.86277,0.35675,5e-05,False
0.12,0.91106,0.94634,0.82515,0.86584,0.34949,0.00021,False
0.13,0.91259,0.94716,0.82816,0.8685,0.34347,0.00021,False
0.14,0.91349,0.94745,0.83004,0.8701,0.33961,0.00032,False
0.15,0.91502,0.94819,0.8331,0.87275,0.33344,0.00037,False
0.16,0.91655,0.94874,0.83626,0.87542,0.32695,0.00053,False
0.17,0.91784,0.94926,0.83891,0.87765,0.32155,0.00063,False
0.18,0.91957,0.95022,0.84231,0.88058,0.31476,0.00063,False
0.19,0.92059,0.95069,0.84436,0.88231,0.31059,0.00068,False
0.2,0.92192,0.95134,0.84704,0.88456,0.30519,0.00074,False
0.21,0.9231,0.95182,0.84946,0.88655,0.30025,0.00084,False
0.22,0.92404,0.95226,0.85136,0.88813,0.29639,0.00089,False
0.23,0.92498,0.95271,0.85326,0.88971,0.29253,0.00095,False
0.24,0.9262,0.95331,0.85571,0.89173,0.28759,0.001,False
0.25,0.92753,0.95355,0.85864,0.894,0.28141,0.00131,False
0.26,0.92886,0.95381,0.86157,0.89626,0.27524,0.00163,False
0.27,0.93275,0.95508,0.86982,0.90268,0.2581,0.00226,False
0.28,0.93655,0.95656,0.87781,0.90886,0.24159,0.00279,False
0.29,0.94004,0.95813,0.88504,0.91441,0.22677,0.00315,False
0.3,0.94239,0.95905,0.89003,0.91814,0.21642,0.00352,False
0.31,0.94451,0.95985,0.89455,0.92148,0.20701,0.00389,False
0.32,0.94698,0.96062,0.89997,0.92535,0.19559,0.00447,False
0.33,0.94882,0.96069,0.90442,0.92828,0.18586,0.00531,False
0.34,0.95024,0.96067,0.90791,0.93052,0.17814,0.00605,False
0.35,0.95267,0.96109,0.91361,0.93429,0.16579,0.00699,False
0.36,0.95439,0.96142,0.91767,0.93694,0.15699,0.00768,False
0.37,0.956,0.9617,0.92149,0.93939,0.14866,0.00836,False
0.38,0.95722,0.96163,0.92465,0.94127,0.14156,0.00915,False
0.39,0.95792,0.96095,0.92706,0.94243,0.13569,0.0102,False
0.4,0.95875,0.96062,0.92949,0.94372,0.12998,0.01104,False
0.41,0.9591,0.95921,0.93171,0.94441,0.12396,0.01262,False
0.42,0.96012,0.95877,0.93484,0.946,0.11655,0.01377,False
0.43,0.96035,0.95739,0.93683,0.94651,0.11099,0.01535,False
0.44,0.96173,0.9574,0.94055,0.94857,0.1025,0.0164,False
0.45,0.96247,0.9565,0.94354,0.94978,0.09494,0.01798,False
0.46,0.96224,0.95406,0.94557,0.94971,0.0883,0.02056,False
0.47,0.95937,0.94503,0.94818,0.94659,0.07456,0.02907,False
0.48,0.95737,0.93142,0.96374,0.94586,0.02331,0.04921,False
0.49,0.95682,0.93021,0.96419,0.94528,0.02084,0.05078,False
0.5,0.9569,0.92991,0.96516,0.94546,0.01806,0.05162,False
0.51,0.95627,0.9287,0.96535,0.94477,0.01621,0.0531,False
0.52,0.9558,0.92768,0.9658,0.94428,0.01389,0.05452,False
0.53,0.95541,0.92695,0.96589,0.94385,0.01281,0.05541,False
0.54,0.95467,0.92572,0.96575,0.94299,0.01173,0.05678,False
0.55,0.95388,0.92434,0.96583,0.94212,0.00988,0.05846,False
0.56,0.95318,0.92323,0.96561,0.94131,0.00911,0.05967,False
0.57,0.95247,0.92202,0.9657,0.94053,0.00741,0.06119,False
0.58,0.95114,0.92006,0.96501,0.93897,0.00679,0.06319,False
0.59,0.95004,0.91852,0.96427,0.93767,0.00679,0.06466,False
0.6,0.94886,0.91687,0.96354,0.9363,0.00664,0.06629,False
0.61,0.94784,0.91544,0.9629,0.9351,0.00648,0.06771,False
0.62,0.94729,0.91466,0.96264,0.93447,0.00617,0.06855,False
0.63,0.94643,0.91346,0.96211,0.93347,0.00602,0.06976,False
0.64,0.94541,0.91205,0.96153,0.93229,0.00571,0.07123,False
0.65,0.94471,0.91105,0.96126,0.93149,0.00509,0.07239,False
0.66,0.944,0.91007,0.96089,0.93068,0.00479,0.07344,False
0.67,0.94278,0.90845,0.96007,0.92927,0.00479,0.07507,False
0.68,0.94188,0.90721,0.95967,0.92825,0.00417,0.07649,False
0.69,0.9409,0.90593,0.95901,0.92711,0.00417,0.0778,False
0.7,0.93996,0.9047,0.95838,0.92603,0.00417,0.07907,False
0.71,0.93886,0.90327,0.9577,0.92477,0.00401,0.08059,False
0.72,0.93796,0.90209,0.95714,0.92374,0.00386,0.08185,False
0.73,0.93702,0.90088,0.95656,0.92267,0.0037,0.08317,False
0.74,0.93608,0.89968,0.95598,0.92159,0.00355,0.08448,False
0.75,0.93522,0.89859,0.95541,0.92061,0.00355,0.08564,False
0.76,0.9342,0.8973,0.95477,0.91945,0.0034,0.08706,False
0.77,0.93275,0.89549,0.9538,0.9178,0.0034,0.089,False
0.78,0.87263,0.83288,0.91412,0.85301,0.00154,0.17022,False
0.79,0.87161,0.83203,0.91359,0.85199,0.00108,0.17175,False
0.8,0.87047,0.83105,0.91282,0.85082,0.00108,0.17327,False
0.81,0.86945,0.83017,0.91214,0.84977,0.00108,0.17464,False
0.82,0.868,0.82892,0.91117,0.84829,0.00108,0.17659,False
0.83,0.86639,0.82755,0.91009,0.84664,0.00108,0.17874,False
0.84,0.86537,0.82669,0.90941,0.8456,0.00108,0.18011,False
0.85,0.86376,0.82534,0.90833,0.84396,0.00108,0.18226,False
0.86,0.86141,0.82339,0.90675,0.84157,0.00108,0.18542,False
0.87,0.85886,0.82135,0.9052,0.83902,0.00062,0.18899,False
0.88,0.85667,0.81957,0.90372,0.8368,0.00062,0.19194,False
0.89,0.85478,0.81806,0.90246,0.8349,0.00062,0.19446,False
0.9,0.85149,0.81546,0.90025,0.83159,0.00062,0.19887,False
0.91,0.84914,0.81362,0.89868,0.82924,0.00062,0.20203,False
0.92,0.80427,0.78235,0.86871,0.78543,0.00031,0.26228,False
0.93,0.79824,0.77861,0.86466,0.77967,0.00031,0.27037,False
0.94,0.72118,0.73828,0.81301,0.70789,0.00031,0.37367,False
0.95,0.70412,0.73089,0.80158,0.69227,0.00031,0.39654,False
