experiment_id,model,perturbation_type,perturbation_level,accuracy,macro_precision,macro_recall,macro_f1,fpr,fnr,performance_degradation_f1
CAHTDNET_V2_001,CA-HTDNet-V2,Clean,0.0%,0.955843137254902,0.9283642684033104,0.9643457151010436,0.9441802321293616,0.0183698672429762,0.0529387025549363,0.0
CAHTDNET_V2_001,CA-HTDNet-V2,Gaussian_Noise,5%,0.8164313725490197,0.7590189855835018,0.7434502806243524,0.750492323833859,0.4049089225069466,0.1081905162443486,0.19369
CAHTDNET_V2_001,CA-HTDNet-V2,Gaussian_Noise,10%,0.784,0.7130133655685891,0.6846578484430809,0.6956690833529563,0.5172892868169188,0.1133950162969193,0.24851
CAHTDNET_V2_001,CA-HTDNet-V2,Gaussian_Noise,15%,0.7627843137254902,0.6792051803348356,0.6459041721859958,0.6570069268081473,0.5916949675825872,0.116496688045421,0.28717
CAHTDNET_V2_001,CA-HTDNet-V2,Gaussian_Noise,30%,0.7378823529411764,0.6316333166233633,0.5938381936919112,0.6015503390588223,0.6989811670268602,0.1133424455893176,0.34263
CAHTDNET_V2_001,CA-HTDNet-V2,Missing_Values,5%,0.9271372549019608,0.8917874782763393,0.9320747017582118,0.9087932100613476,0.0578882371102192,0.0779623593733571,0.03539
CAHTDNET_V2_001,CA-HTDNet-V2,Missing_Values,10%,0.8963137254901961,0.8539884505107916,0.8991986627076709,0.8719121474862602,0.0949367088607595,0.1066659657238986,0.07227
CAHTDNET_V2_001,CA-HTDNet-V2,Missing_Values,20%,0.8394901960784313,0.7908160769469723,0.8453834056852778,0.8082042979999733,0.1426366162395801,0.1665965723898643,0.13598
CAHTDNET_V2_001,CA-HTDNet-V2,Categorical_Corruption,10%,0.9545882352941176,0.9266631743037134,0.9630973920806474,0.942635447481974,0.0196048163013275,0.0542003995373777,0.00154
CAHTDNET_V2_001,CA-HTDNet-V2,Categorical_Corruption,20%,0.9541176470588236,0.9259201462954404,0.9628837657597292,0.9420828761177432,0.0192960790367397,0.0549363894438019,0.0021
CAHTDNET_V2_001,CA-HTDNet-V2,Adversarial_Evasion,eps=0.05,0.9374509803921568,0.9192216975089516,0.9149634395804808,0.9170633716243796,0.1307502315529484,0.0393228892860897,0.02712
CAHTDNET_V2_001,CA-HTDNet-V2,Adversarial_Evasion,eps=0.1,0.945372549019608,0.9420866506869447,0.9114675605623804,0.9254137846752752,0.1574560049397962,0.0196088739354431,0.01877
