variant,configuration,accuracy,macro_precision,macro_recall,macro_f1,roc_auc,pr_auc,fpr,fnr,mcc
A0,Base MLP,0.9229019607843136,0.9222808623319124,0.8697349965651315,0.8918359576794209,0.9785092765144237,0.9927726692859656,0.2383451682618092,0.0221848386079276,0.7902708730145895
A1,+ Attention,0.906156862745098,0.8772680326198881,0.8741371319324152,0.8756843546076716,0.97350854273187,0.9911821837113276,0.1909539981475764,0.0607717379875933,0.7513986417187344
A2,+ Feature Gating,0.940078431372549,0.9159193961777948,0.929042107172894,0.9221925896593016,0.9870443638017616,0.9951993420964867,0.0933930225378203,0.0485227631163915,0.8448595957913928
A3,+ Residual Connections,0.9154509803921568,0.8920495396845526,0.8824536182394094,0.8870906527868141,0.9769526869149968,0.9922061651569484,0.1846248842235257,0.0504678792976553,0.774443709978852
A4,+ Focal Loss,0.921686274509804,0.8932016428275179,0.903124253293882,0.8979859660974212,0.9780208063466852,0.9926271535573764,0.1346094473602964,0.0591420460519398,0.796264073429841
A5,+ Class Weighting,0.9205882352941176,0.8814196009794439,0.9386792235402248,0.9030844857549076,0.9829077802991736,0.9940136458082393,0.0245446125347329,0.0980969403848175,0.8180974377192115
A6,+ Attention + Gating,0.932235294117647,0.9002817012901221,0.93136898180229,0.91405567613108,0.9799926907402094,0.99329013421172,0.0703920963260265,0.0668699400693933,0.8310694553877153
A7,+ Attention + Residual,0.9072156862745098,0.9178176158693676,0.8331096873612391,0.8647207986885121,0.9797033895430356,0.9930321534976416,0.3175362766285891,0.0162443486489328,0.7461342919240834
A8,+ Gating + Residual,0.9407450980392156,0.913915384439048,0.93534233885731,0.923843409922829,0.985530423994524,0.9949405681345224,0.0756406298240197,0.0536746924613605,0.8489873769396519
A9,Full CA-HTDNet V2,0.9175686274509804,0.880317926920505,0.91955319994927,0.8968337355151492,0.9806960734988808,0.9934970014396473,0.0764124729854893,0.0844811271159709,0.7989082631631004
