Primitive,Standard,Type,Security_Level,Payload_Bytes,Mean_Latency_ms,Median_Latency_ms,P95_Latency_ms,Std_Dev_ms,Throughput_ops_sec,Iterations
AES-256-GCM (Encrypt),NIST SP 800-38D,Symmetric AEAD,Category 5 (256-bit),4096,0.003,0.003,0.0033,0.0002,332240.2,100
AES-256-GCM (Decrypt),NIST SP 800-38D,Symmetric AEAD,Category 5 (256-bit),4096,0.0019,0.002,0.002,0.0001,513827.2,100
SHA3-256,FIPS 202,Cryptographic Hash,Category 5 (256-bit Preimage),4096,0.0052,0.0052,0.0053,0.0,192278.5,100
ML-KEM-768 (KeyGen),FIPS 203,Post-Quantum Lattice KEM,NIST Security Category 3,0,0.0119,0.0114,0.0121,0.0016,84329.3,100
ML-KEM-768 (Encapsulate),FIPS 203,Post-Quantum Lattice KEM,NIST Security Category 3,1088,0.0119,0.0119,0.0122,0.0006,84332.4,100
ML-KEM-768 (Decapsulate),FIPS 203,Post-Quantum Lattice KEM,NIST Security Category 3,1088,0.0069,0.006,0.0065,0.0069,144814.4,100
ML-DSA-65 (Sign),FIPS 204,Post-Quantum Lattice Signature,NIST Security Category 3,4096,0.0218,0.0213,0.0236,0.0022,45783.3,100
ML-DSA-65 (Verify),FIPS 204,Post-Quantum Lattice Signature,NIST Security Category 3,4096,0.0001,0.0001,0.0002,0.0,8309092.5,100
SLH-DSA-128s (Sign),FIPS 205,Stateless Hash-Based Signature,NIST Security Category 1,4096,0.0372,0.0375,0.038,0.0012,26884.2,100
SLH-DSA-128s (Verify),FIPS 205,Stateless Hash-Based Signature,NIST Security Category 1,4096,0.0001,0.0001,0.0002,0.0,8139326.2,100
