feature,type,mean,std,median,q25,q75,min,max,missing_pct,unique_count,top_category
flow_duration,numeric,28.37904536852025,35.33114682571037,1.3059500000000002,0.0001,64.0,0.0001,507.0,0.0,,
packet_count,numeric,619.7346859127123,1982.7786808286637,94.0,4.0,567.0,2.0,53295.8,0.0,,
byte_count,numeric,115312.6699212239,1577101.1083889776,100.0,54.0,1151.0,42.0,294505661.0,0.0,,
packet_rate,numeric,13417.39371060752,18472.63506680688,86.21,8.859375,40000.0,0.005917159763313609,1000000.0,0.0,,
byte_rate,numeric,800623.3357470108,2194598.1691340664,14812.625,0.84375,1000000.0,0.19723865877712032,100000000.0,0.0,,
dst_port,numeric,8809.829739495799,17736.927989676613,443.0,443.0,8080.0,0.0,65535.0,0.0,,
protocol,numeric,7.86353781512605,6.290135371739917,6.0,6.0,6.0,0.0,47.0,0.0,,
resource_sensitivity,numeric,0.5457420168067227,0.12001424576978505,0.5,0.5,0.5,0.35,0.95,0.0,,
auth_status,numeric,0.81190756302521,0.390787609126272,1.0,1.0,1.0,0.0,1.0,0.0,,
failed_auth_count,numeric,0.3718823529411765,1.0785295061427282,0.0,0.0,0.0,0.0,8.0,0.0,,
request_frequency,numeric,229.71309451652914,240.6645873926465,37.40636237325319,4.848746170753007,500.0,0.01,500.0,0.0,,
burst_score,numeric,0.22900377581055953,0.34867298098082883,0.0,0.0,0.4213541625393833,0.0,1.0,0.0,,
historical_risk,numeric,0.2565806386554622,0.16566470113319795,0.2,0.2,0.2,0.01,0.98,0.0,,
byte_to_packet_ratio,numeric,420.66379652189397,3494.546211660932,20.0,0.09507042253521127,80.80454545454545,0.0020997709340799184,100000.0,0.0,,
rate_ratio,numeric,575.0471031297275,11151.281927411872,24.99999375000156,0.09513071665139877,93.32268535389356,0.0020997949836534142,1000000.0,0.0,,
risk_sensitivity_interaction,numeric,0.14847551932773112,0.1336114738120718,0.1,0.1,0.1,0.0034999999999999996,0.9262499999999999,0.0,,
burst_frequency_interaction,numeric,49.3138855602056,141.68260871937147,0.0,0.0,4.4753687499999995,0.0,500.0,0.0,,
auth_anomaly_score,numeric,0.4581260504201681,1.2281120660566924,0.0,0.0,0.0,0.0,9.0,0.0,,
user_role,categorical,,,,,,,,0.0,7.0,iomt_device
resource_type,categorical,,,,,,,,0.0,12.0,Device
operation,categorical,,,,,,,,0.0,8.0,read
