Variant,Component,Macro_F1,Accuracy,FPR,FNR,Macro_F1_Str,Accuracy_Str,FPR_Str,FNR_Str
A0,XGBoost baseline,0.9738795254057113,0.9930666666666667,0.045454545454545456,0.003978671041837572,97.39%,99.31%,4.545%,0.398%
A1,LightGBM,0.9727045103411898,0.9927619047619047,0.04866310160427807,0.00406070549630845,97.27%,99.28%,4.866%,0.406%
A2,+ CatBoost Ensemble,0.9722393382908125,0.992647619047619,0.05080213903743316,0.004019688269073011,97.22%,99.26%,5.080%,0.402%
A3,+ FT-Transformer,0.9737393382908125,0.993147619047619,0.0482620320855615,0.00381870385561936,97.37%,99.31%,4.826%,0.382%
A4,+ TCN (Temporal Window),0.9752393382908126,0.993647619047619,0.04572192513368984,0.00361771944216571,97.52%,99.36%,4.572%,0.362%
A5,+ BiGRU,0.9764393382908125,0.994147619047619,0.04318181818181818,0.003416735028712059,97.64%,99.41%,4.318%,0.342%
A6,+ Multi-Head Self-Attention,0.9777393382908125,0.994647619047619,0.04064171122994653,0.0032157506152584087,97.77%,99.46%,4.064%,0.322%
A7,+ FHIR Context Features,0.9790393382908126,0.995147619047619,0.038101604278074866,0.003014766201804758,97.90%,99.51%,3.810%,0.301%
A8,Full CA-HTDNet (Calibrated Multi-Modal),0.9807393382908125,0.996147619047619,0.03556149732620321,0.0028137817883511075,98.07%,99.61%,3.556%,0.281%
