Model,Accuracy,Balanced_Accuracy,Macro_Precision,Macro_Recall,Macro_F1,Weighted_F1,ROC_AUC,PR_AUC,FPR,FNR,Training_Time_s,Inference_Latency_ms
Logistic_Regression,95.33%,94.60%,80.39%,94.60%,85.77%,95.77%,0.9512,0.9944,6.257%,4.545%,3.77,0.0000
Decision_Tree,98.99%,98.47%,94.42%,98.47%,96.34%,99.01%,0.9886,0.9983,2.139%,0.927%,0.22,0.0000
Random_Forest,99.10%,98.77%,94.88%,98.77%,96.73%,99.12%,0.9993,0.9999,1.604%,0.849%,0.95,0.0010
Extra_Trees,98.18%,98.50%,90.06%,98.50%,93.79%,98.27%,0.9988,0.9999,1.123%,1.870%,0.50,0.0009
SVM,92.88%,50.00%,46.44%,50.00%,48.15%,89.45%,0.2605,0.9035,100.000%,0.000%,0.85,0.0002
XGBoost,99.31%,97.53%,97.25%,97.53%,97.39%,99.31%,0.9994,1.0000,4.545%,0.398%,0.42,0.0003
LightGBM,99.28%,97.36%,97.18%,97.36%,97.27%,99.28%,0.9994,1.0000,4.866%,0.406%,0.67,0.0009
CatBoost,99.26%,97.01%,97.41%,97.01%,97.21%,99.26%,0.9993,0.9999,5.615%,0.361%,0.76,0.0001
MLP,99.06%,96.51%,96.42%,96.51%,96.46%,99.06%,0.9980,0.9998,6.471%,0.513%,4.78,0.0004
