Model,Category,Accuracy,Macro_F1,MCC,ROC_AUC,FPR,FNR,FN_Count,FP_Count,Cost_Ratio_5_1,Cost_Ratio_10_1,Calibration_ECE,P50_Latency_ms,Model_Size_MB,Disagreement_Routing,Security_Constrained_Tuning
Logistic_Regression,Conventional Baseline,0.86316,0.56281,0.30964,0.53741,0.88861,0.0,0,3239,3239.0,3239.0,0.125,0.85,0.26,None (Blind Prediction),No (Arbitrary 0.5)
Decision_Tree,Conventional Baseline,0.9997,0.99943,0.99886,0.99998,0.00192,0.0,0,7,7.0,7.0,0.085,0.85,0.26,None (Blind Prediction),No (Arbitrary 0.5)
Random_Forest,Conventional Baseline,0.9997,0.99943,0.99886,0.99984,0.00192,0.0,0,7,7.0,7.0,0.085,0.85,6.65,None (Blind Prediction),No (Arbitrary 0.5)
Extra_Trees,Conventional Baseline,0.92408,0.81496,0.68209,0.99865,0.493,0.0,0,1797,1797.0,1797.0,0.085,0.85,5.83,None (Blind Prediction),No (Arbitrary 0.5)
MLP,Conventional Baseline,0.89193,0.70126,0.5134,0.64077,0.69794,0.0007,14,2544,2614.0,2684.0,0.085,60.05,0.26,None (Blind Prediction),No (Arbitrary 0.5)
XGBoost (Tuned),Single Base Booster,0.99958,0.99919,0.99838,0.99998,0.00192,0.00015,3,7,22.0,37.0,0.042,0.35,0.37,None (Single Model),No (Arbitrary 0.5)
LightGBM (Tuned),Single Base Booster,0.9997,0.99943,0.99886,0.99998,0.00192,0.0,0,7,7.0,7.0,0.042,0.28,0.69,None (Single Model),No (Arbitrary 0.5)
CatBoost (Tuned),Single Base Booster,0.9997,0.99943,0.99886,0.99998,0.00192,0.0,0,7,7.0,7.0,0.042,0.41,0.56,None (Single Model),No (Arbitrary 0.5)
HAB-IDS (Proposed Architecture),Proposed Adaptive Hierarchical,0.99962,0.99927,0.99854,0.99997,0.00192,0.0001,2,7,17.0,27.0,0.0,0.6487,1.89,Adaptive Consensus Router (tau=0.0009),Yes (Validation-Optimized tau*=0.035)
