feature,mean,std,min,median,max
flow_duration,46.017743084262534,33.262568772094845,0.0001,64.0,255.0
packet_count,877.1622250587089,2110.038323612903,5.0,525.8,43534.8
byte_count,116557.7140625035,1894556.7684993148,42.0,54.0,49943834.0
packet_rate,17507.52814292705,88333.4231092491,0.0,41.71,3355443.2
byte_rate,428350.2921375228,1171052.2153113121,0.2799794132784354,0.84375,11550479.54
dst_port,5251.280865490839,13404.785845594643,0.0,443.0,65535.0
protocol,8.15062283341587,7.432357665586784,0.0,6.0,47.0
resource_sensitivity,0.5146127766561274,0.0760499933000741,0.3,0.5,0.95
auth_status,0.7592472667707897,0.42754861493519697,0.0,1.0,1.0
failed_auth_count,0.6626414231838788,1.9928859422476355,0.0,0.0,40.0
request_frequency,6385.871402466744,86643.89222168142,0.0,31.39120152079873,3355443.2
burst_score,0.13311316455572908,0.20632120243641902,0.0,0.004119025358334102,1.0
historical_risk,0.32067437430955015,0.2240116706612444,0.01,0.2,0.987
