Model,Accuracy,Macro Precision,Macro Recall,Macro F1,Weighted F1,ROC-AUC,PR-AUC,FPR,FNR,MCC
CA-HTDNet (Proposed),98.74%,92.69%,98.95%,95.56%,98.78%,0.9991,0.9999,0.802%,1.296%,0.9143
Logistic Regression,95.41%,80.59%,94.89%,86.01%,95.84%,0.9579,0.9954,5.719%,4.504%,0.7411
Decision Tree,98.91%,94.22%,98.13%,96.07%,98.94%,0.9854,0.9978,2.779%,0.956%,0.9226
Random Forest,99.09%,94.73%,98.89%,96.70%,99.11%,0.9994,1.0000,1.336%,0.882%,0.9353
Extra Trees,98.23%,90.11%,98.90%,93.98%,98.32%,0.9990,0.9999,0.321%,1.883%,0.8858
XGBoost,99.20%,95.85%,98.31%,97.04%,99.21%,0.9994,1.0000,2.726%,0.656%,0.9413
LightGBM,99.04%,94.32%,99.06%,96.55%,99.06%,0.9994,1.0000,0.909%,0.968%,0.9326
CatBoost,98.79%,92.88%,99.10%,95.74%,98.83%,0.9993,0.9999,0.534%,1.263%,0.9177
MLP,99.09%,96.37%,96.82%,96.59%,99.10%,0.9991,0.9999,5.826%,0.529%,0.9319
FT-Transformer,97.63%,87.59%,98.53%,92.20%,97.78%,0.9987,0.9999,0.428%,2.518%,0.8542
