threshold,macro_f1,precision,recall,fpr,fnr,mcc,objective_score
0.05,0.9418,0.9852,0.9999,0.1957,0.0001,0.8895,0.796
0.06,0.9432,0.9856,0.9999,0.1909,0.0001,0.892,0.8023
0.07,0.9442,0.9858,0.9998,0.1872,0.0002,0.8939,0.8071
0.08,0.9465,0.9864,0.9998,0.1797,0.0002,0.8979,0.8168
0.09,0.9477,0.9867,0.9998,0.1754,0.0002,0.9001,0.8223
0.1,0.9484,0.9869,0.9997,0.1727,0.0003,0.9014,0.8257
0.11,0.9505,0.9874,0.9997,0.1658,0.0003,0.9051,0.8347
0.12,0.9518,0.9879,0.9995,0.1599,0.0005,0.9072,0.8419
0.13,0.9538,0.9884,0.9995,0.1535,0.0005,0.9109,0.8503
0.14,0.9548,0.9886,0.9995,0.1503,0.0005,0.9128,0.8545
0.15,0.9568,0.9892,0.9994,0.1428,0.0006,0.9165,0.8641
0.16,0.9579,0.9895,0.9993,0.1385,0.0007,0.9183,0.8694
0.17,0.9585,0.9896,0.9993,0.1364,0.0007,0.9196,0.8722
0.18,0.9597,0.99,0.9993,0.1321,0.0007,0.9217,0.8776
0.19,0.9605,0.9902,0.9993,0.1289,0.0007,0.9232,0.8817
0.2,0.9613,0.9905,0.9991,0.1246,0.0009,0.9245,0.8867
0.21,0.9622,0.9908,0.9991,0.1214,0.0009,0.9263,0.8908
0.22,0.9634,0.991,0.9991,0.1176,0.0009,0.9284,0.8957
0.23,0.9642,0.9913,0.999,0.1139,0.001,0.9299,0.9003
0.24,0.9648,0.9915,0.999,0.1118,0.001,0.9312,0.9031
0.25,0.9652,0.9916,0.999,0.1102,0.001,0.9318,0.905
0.26,0.9662,0.9919,0.9989,0.1064,0.0011,0.9336,0.9097
0.27,0.9668,0.9921,0.9989,0.1032,0.0011,0.9348,0.9136
0.28,0.9672,0.9923,0.9988,0.1011,0.0012,0.9354,0.9161
0.29,0.9672,0.9923,0.9987,0.1005,0.0013,0.9354,0.9167
0.3,0.9677,0.9926,0.9986,0.0973,0.0014,0.9364,0.9204
0.31,0.9678,0.9927,0.9984,0.0952,0.0016,0.9364,0.9226
0.32,0.968,0.9928,0.9984,0.0941,0.0016,0.9367,0.9238
0.33,0.9688,0.9931,0.9984,0.0909,0.0016,0.9382,0.9279
0.34,0.9688,0.9933,0.9982,0.0882,0.0018,0.9383,0.9306
0.35,0.9692,0.9934,0.9981,0.0861,0.0019,0.9389,0.9331
0.36,0.9694,0.9936,0.9979,0.0834,0.0021,0.9393,0.936
0.37,0.9702,0.994,0.9978,0.0791,0.0022,0.9408,0.9411
0.38,0.97,0.994,0.9976,0.0781,0.0024,0.9403,0.9419
0.39,0.9709,0.9944,0.9975,0.0738,0.0025,0.9421,0.9471
0.4,0.9716,0.9946,0.9974,0.0701,0.0026,0.9434,0.9515
0.41,0.9713,0.9947,0.9973,0.069,0.0027,0.9429,0.9524
0.42,0.9714,0.9948,0.9971,0.0674,0.0029,0.9429,0.954
0.43,0.9716,0.995,0.997,0.0658,0.003,0.9433,0.9558
0.44,0.9718,0.9951,0.9969,0.0636,0.0031,0.9436,0.9581
0.45,0.9729,0.9955,0.9968,0.0583,0.0032,0.9458,0.9646
0.46,0.9737,0.9958,0.9967,0.0545,0.0033,0.9473,0.9691
0.47,0.9737,0.996,0.9966,0.0524,0.0034,0.9474,0.9713
0.48,0.9732,0.9961,0.9963,0.0513,0.0037,0.9464,0.9718
0.49,0.9728,0.9962,0.9961,0.0497,0.0039,0.9456,0.9728
0.5,0.9727,0.9963,0.9959,0.0487,0.0041,0.9454,0.9727
0.51,0.9729,0.9964,0.9958,0.0465,0.0042,0.9458,0.9729
0.52,0.9731,0.9966,0.9957,0.0444,0.0043,0.9462,0.9731
0.53,0.9724,0.9966,0.9954,0.0439,0.0046,0.9449,0.9724
0.54,0.9726,0.9968,0.9954,0.0422,0.0046,0.9452,0.9726
0.55,0.9729,0.9969,0.9953,0.0401,0.0047,0.9459,0.9729
0.56,0.973,0.997,0.9952,0.0385,0.0048,0.946,0.973
0.57,0.9731,0.9972,0.995,0.0364,0.005,0.9464,0.9731
0.58,0.9728,0.9974,0.9947,0.0342,0.0053,0.9457,0.9728
0.59,0.9726,0.9975,0.9945,0.0326,0.0055,0.9453,0.9726
0.6,0.9728,0.9977,0.9944,0.0299,0.0056,0.9458,0.9728
0.61,0.9725,0.9977,0.9943,0.0294,0.0057,0.9453,0.9725
0.62,0.9727,0.9979,0.9941,0.0273,0.0059,0.9457,0.9727
0.63,0.9723,0.998,0.9939,0.0262,0.0061,0.945,0.9723
0.64,0.972,0.9981,0.9937,0.0246,0.0063,0.9444,0.972
0.65,0.9717,0.9982,0.9935,0.0235,0.0065,0.9439,0.9717
0.66,0.9711,0.9982,0.9933,0.0235,0.0067,0.9426,0.9711
0.67,0.9715,0.9984,0.9933,0.0214,0.0067,0.9436,0.9715
0.68,0.9711,0.9984,0.9931,0.0209,0.0069,0.9429,0.9711
0.69,0.9707,0.9984,0.9929,0.0203,0.0071,0.9421,0.9707
0.7,0.9703,0.9984,0.9928,0.0203,0.0072,0.9414,0.9703
0.71,0.9703,0.9984,0.9928,0.0203,0.0072,0.9414,0.9703
0.72,0.9702,0.9985,0.9927,0.0198,0.0073,0.9412,0.9702
0.73,0.9704,0.9986,0.9926,0.0176,0.0074,0.9416,0.9704
0.74,0.9698,0.9986,0.9924,0.0176,0.0076,0.9403,0.9698
0.75,0.9692,0.9986,0.9922,0.0176,0.0078,0.9393,0.9692
0.76,0.9694,0.9987,0.9922,0.0171,0.0078,0.9396,0.9694
0.77,0.9691,0.9987,0.9921,0.0166,0.0079,0.9392,0.9691
0.78,0.9679,0.9987,0.9918,0.0166,0.0082,0.9369,0.9679
0.79,0.9676,0.9987,0.9916,0.0166,0.0084,0.9362,0.9676
0.8,0.9672,0.9988,0.9915,0.016,0.0085,0.9355,0.9672
0.81,0.9671,0.9988,0.9913,0.015,0.0087,0.9354,0.9671
0.82,0.9668,0.9989,0.9912,0.0144,0.0088,0.9349,0.9668
0.83,0.9663,0.9989,0.991,0.0139,0.009,0.934,0.9663
0.84,0.9661,0.999,0.9909,0.0134,0.0091,0.9336,0.9661
0.85,0.9653,0.999,0.9906,0.0134,0.0094,0.9321,0.9653
0.86,0.9651,0.999,0.9905,0.0123,0.0095,0.9317,0.9651
0.87,0.965,0.9992,0.9903,0.0102,0.0097,0.9317,0.965
0.88,0.9642,0.9993,0.9899,0.0091,0.0101,0.9301,0.9642
0.89,0.9632,0.9993,0.9895,0.0086,0.0105,0.9283,0.9632
0.9,0.9625,0.9994,0.9893,0.008,0.0107,0.9272,0.9625
0.91,0.9622,0.9994,0.9892,0.008,0.0108,0.9264,0.9622
0.92,0.9613,0.9994,0.9888,0.0075,0.0112,0.9249,0.9613
0.93,0.9598,0.9995,0.9883,0.007,0.0117,0.9221,0.9598
0.94,0.9586,0.9996,0.9877,0.0048,0.0123,0.9201,0.9586
0.95,0.9561,0.9997,0.9869,0.0043,0.0131,0.9155,0.9561
