perturbation_type,perturbation_level,level_val,accuracy,macro_precision,macro_recall,macro_f1,fpr,fnr,f1_degradation
Clean,0%,0.0,0.9996197718631179,0.9995505368321145,0.9989898429432346,0.9992699468567028,0.0019204389574759945,9.987515605493134e-05,0.0
Gaussian_Noise,5%,0.05,0.8367976341360371,0.6165913373176178,0.5325944421325195,0.5295236009950468,0.9069958847736626,0.027815230961298378,0.469746345861656
Gaussian_Noise,10%,0.1,0.8300802703844529,0.5572766430784817,0.5143743160555478,0.5008002968998618,0.9418381344307271,0.029413233458177278,0.49846964995684095
Gaussian_Noise,15%,0.15,0.8309252217997465,0.5585382169265415,0.5140882538801806,0.4998512552929716,0.943758573388203,0.028064918851435704,0.4994186915637312
Gaussian_Noise,30%,0.3,0.832192648922687,0.5530408675955601,0.511246744039087,0.4939024163106313,0.9525377229080932,0.024968789013732832,0.5053675305460714
Feature_Dropout,5%,0.05,0.9827629911280101,0.9897545987835836,0.9442573326551686,0.9653319086285271,0.11138545953360768,9.987515605493134e-05,0.03393803822817565
Feature_Dropout,10%,0.1,0.9655259822560203,0.9801144550271118,0.8882902544658683,0.9270327710454707,0.2233196159122085,9.987515605493134e-05,0.07223717581123212
Feature_Dropout,20%,0.2,0.9385297845373891,0.9657157518099533,0.800635933478214,0.8578770496512115,0.39862825788751716,9.987515605493134e-05,0.1413928972054913
Adversarial_Evasion,10%,0.1,0.9995352767215885,0.9992760958381495,0.998939905365207,0.9991079131801248,0.0019204389574759945,0.00019975031210986267,0.0001620336765779662
Adversarial_Evasion,20%,0.2,0.9997042670046472,0.9998252795527156,0.9990397805212621,0.9994320533168835,0.0019204389574759945,0.0,-0.00016210646018066655
Adversarial_Evasion,30%,0.3,0.9997042670046472,0.9998252795527156,0.9990397805212621,0.9994320533168835,0.0019204389574759945,0.0,-0.00016210646018066655
