experiment_id,model,dataset,split,accuracy,macro_precision,macro_recall,macro_f1,roc_auc,pr_auc,fpr,fnr,mcc
CAHTDNET_FINAL_V001,Logistic_Regression,CICIoT2023+Edge-IIoTset+SyntheticFHIR,locked_test,0.9541,0.80589,0.94889,0.86009,0.95791,0.99538,0.05719,0.04504,0.74111
CAHTDNET_FINAL_V001,Decision_Tree,CICIoT2023+Edge-IIoTset+SyntheticFHIR,locked_test,0.98914,0.94215,0.98133,0.96074,0.98536,0.99779,0.02779,0.00956,0.92265
CAHTDNET_FINAL_V001,Random_Forest,CICIoT2023+Edge-IIoTset+SyntheticFHIR,locked_test,0.99086,0.94732,0.98891,0.96701,0.9994,0.99995,0.01336,0.00882,0.93531
CAHTDNET_FINAL_V001,Extra_Trees,CICIoT2023+Edge-IIoTset+SyntheticFHIR,locked_test,0.98229,0.90112,0.98898,0.93976,0.99904,0.99993,0.00321,0.01883,0.88576
CAHTDNET_FINAL_V001,XGBoost,CICIoT2023+Edge-IIoTset+SyntheticFHIR,locked_test,0.99196,0.95855,0.98309,0.97044,0.99939,0.99995,0.02726,0.00656,0.94131
CAHTDNET_FINAL_V001,LightGBM,CICIoT2023+Edge-IIoTset+SyntheticFHIR,locked_test,0.99036,0.94319,0.99062,0.96546,0.99936,0.99995,0.00909,0.00968,0.9326
CAHTDNET_FINAL_V001,CatBoost,CICIoT2023+Edge-IIoTset+SyntheticFHIR,locked_test,0.98789,0.92879,0.99101,0.95736,0.99934,0.99995,0.00534,0.01263,0.9177
CAHTDNET_FINAL_V001,MLP,CICIoT2023+Edge-IIoTset+SyntheticFHIR,locked_test,0.99093,0.96365,0.96823,0.96593,0.99909,0.99993,0.05826,0.00529,0.93187
CAHTDNET_FINAL_V001,FT-Transformer,CICIoT2023+Edge-IIoTset+SyntheticFHIR,locked_test,0.97631,0.87589,0.98527,0.92201,0.9987,0.9999,0.00428,0.02518,0.85419
