feature,count,mean,std,min,25%,50%,75%,max,type,unique_values,top_category
flow_duration,122499.0,45.95210206045049,33.119391541845765,0.0001,0.5044,64.0,64.0,255.0,numerical,,
packet_count,122499.0,912.8522992473174,2251.4352876045486,5.0,22.0,525.6,567.0,57942.5,numerical,,
byte_count,122499.0,106775.21504244578,1839929.7471310913,42.0,54.0,54.04,100.0,49989956.0,numerical,,
packet_rate,122499.0,17944.417122980078,85178.29004116042,0.0,4.473992493101151,42.3,20848.754055092304,3272062.168073394,numerical,,
byte_rate,122499.0,430397.03824288794,1179166.5401350954,0.21176470588235294,0.84375,0.84375,22610.425000000003,20869828.38,numerical,,
dst_port,122499.0,5339.325692454632,13578.886366836847,0.0,443.0,443.0,443.0,65535.0,numerical,,
protocol,122499.0,8.21699768977706,7.596723884561594,0.0,6.0,6.0,6.0,47.0,numerical,,
resource_sensitivity,122499.0,0.5143523620600984,0.07566523182365709,0.3,0.5,0.5,0.5,0.95,numerical,,
auth_status,122499.0,0.7579898611417236,0.4283021469149606,0.0,1.0,1.0,1.0,1.0,numerical,,
failed_auth_count,122499.0,0.6585604780447187,1.9783703424440586,0.0,0.0,0.0,2.0,40.0,numerical,,
request_frequency,122499.0,6740.464805456395,83464.8796245668,0.0,2.5689709456269005,31.63083443468884,500.0,3272062.168073394,numerical,,
burst_score,122499.0,0.1329638799681834,0.2045108635875478,0.0,0.0,0.004042634602876896,0.3,1.0,numerical,,
historical_risk,122499.0,0.32068049535098253,0.22365613646832308,0.01,0.2,0.2,0.535,0.99,numerical,,
user_role,122499.0,,,,,,,,categorical,7.0,iomt_device
resource_type,122499.0,,,,,,,,categorical,12.0,Device
operation,122499.0,,,,,,,,categorical,8.0,read
